file,OVRL,SIG,BAK
jakubie_epoch0_v2.wav,1.3614219491631125,0.8536714016672295,2.8435979877978634
